I_Observations,MSE_VA,MSE_MIMO,MSE_ILS,CRB_VA,CRB_MIMO
4,0.180890232758166,1.31396848447312,1.29746152437764,0.00247524752475248,0.00144389438943894
9,0.0162083863031814,1.09130464539321,1.07279846582258,0.0011001100110011,0.000641730839750642
14,0.0152144883701445,1.00749173329715,0.999633492668523,0.000707213578500707,0.000412541254125413
19,0.0615041854231145,0.97777798277358,0.98602267546095,0.000521104742053153,0.000303977766197672
24,0.00862633081417246,1.12176413236284,1.10230160447349,0.000412541254125413,0.000240649064906491
29,0.0142242359696121,0.999867552498455,1.01764424068187,0.000341413451689997,0.000199157846819165
34,0.0147638761947391,1.05379594984511,1.05320711923418,0.00029120559114735,0.000169869928169288
